weather_condition,lighting_condition,trafficway_type,roadway_surface_cond,road_defect,crash_type,intersection_related_i,crash_hour,crash_day_of_week,crash_month,crash_hour_sin,crash_hour_cos,crash_day_sin,crash_day_cos,crash_month_sin,crash_month_cos
1,3,3,1,1,2,1,21,4,11,0.2928932188134523,1.7071067811865475,0.5661162608824419,0.09903113209758085,0.49999999999999956,1.8660254037844384
1,3,1,1,1,1,1,1,7,11,1.2588190451025207,1.9659258262890682,0.9999999999999998,2.0,0.49999999999999956,1.8660254037844384
1,3,2,1,1,1,1,19,6,9,0.03407417371093158,1.2588190451025203,0.21816851753197009,1.6234898018587334,0.0,0.9999999999999998
1,3,1,1,1,1,1,22,3,4,0.49999999999999956,1.8660254037844384,1.4338837391175583,0.09903113209758097,1.8660254037844388,0.5000000000000002
1,1,2,1,1,1,1,16,2,6,0.13397459621556151,0.49999999999999956,1.9749279121818235,0.7774790660436857,1.0000000000000002,0.0
2,3,1,2,1,1,1,20,2,10,0.1339745962155614,1.5,1.9749279121818235,0.7774790660436857,0.1339745962155614,1.5
1,1,1,2,1,2,1,16,7,5,0.13397459621556151,0.49999999999999956,0.9999999999999998,2.0,1.5,0.1339745962155613
1,1,3,1,1,2,1,12,3,7,1.0000000000000002,0.0,1.4338837391175583,0.09903113209758097,0.5000000000000002,0.13397459621556118
1,3,2,1,1,2,1,18,4,11,0.0,0.9999999999999998,0.5661162608824419,0.09903113209758085,0.49999999999999956,1.8660254037844384
1,1,3,1,1,1,1,11,5,9,1.258819045102521,0.0340741737109318,0.02507208781817638,0.7774790660436854,0.0,0.9999999999999998
1,1,3,1,1,1,1,15,3,11,0.29289321881345287,0.2928932188134521,1.4338837391175583,0.09903113209758097,0.49999999999999956,1.8660254037844384
1,4,1,1,1,1,1,17,5,1,0.03407417371093169,0.7411809548974794,0.02507208781817638,0.7774790660436854,1.5,1.8660254037844388
1,1,2,1,1,1,1,13,1,11,0.7411809548974793,0.03407417371093169,1.78183148246803,1.6234898018587336,0.49999999999999956,1.8660254037844384
2,3,1,1,1,2,1,20,7,7,0.1339745962155614,1.5,0.9999999999999998,2.0,0.5000000000000002,0.13397459621556118
1,1,1,1,1,1,1,15,6,9,0.29289321881345287,0.2928932188134521,0.21816851753197009,1.6234898018587334,0.0,0.9999999999999998
1,1,1,1,1,2,1,18,5,7,0.0,0.9999999999999998,0.02507208781817638,0.7774790660436854,0.5000000000000002,0.13397459621556118
1,1,2,1,2,1,1,7,4,7,1.9659258262890682,0.7411809548974794,0.5661162608824419,0.09903113209758085,0.5000000000000002,0.13397459621556118
1,1,2,1,1,1,1,6,3,9,2.0,1.0,1.4338837391175583,0.09903113209758097,0.0,0.9999999999999998
1,1,3,1,1,2,1,12,7,7,1.0000000000000002,0.0,0.9999999999999998,2.0,0.5000000000000002,0.13397459621556118
1,3,3,1,1,1,1,19,7,11,0.03407417371093158,1.2588190451025203,0.9999999999999998,2.0,0.49999999999999956,1.8660254037844384
1,1,2,1,1,1,1,13,7,10,0.7411809548974793,0.03407417371093169,0.9999999999999998,2.0,0.1339745962155614,1.5
1,1,2,1,1,1,1,15,5,10,0.29289321881345287,0.2928932188134521,0.02507208781817638,0.7774790660436854,0.1339745962155614,1.5
1,3,1,1,1,2,1,21,4,10,0.2928932188134523,1.7071067811865475,0.5661162608824419,0.09903113209758085,0.1339745962155614,1.5
1,1,2,1,1,1,1,14,7,10,0.5000000000000002,0.13397459621556118,0.9999999999999998,2.0,0.1339745962155614,1.5
1,3,1,1,1,2,1,0,7,6,1.0,2.0,0.9999999999999998,2.0,1.0000000000000002,0.0
1,1,2,2,1,2,1,9,6,5,1.7071067811865475,0.29289321881345254,0.21816851753197009,1.6234898018587334,1.5,0.1339745962155613
1,1,1,1,1,1,1,12,5,3,1.0000000000000002,0.0,0.02507208781817638,0.7774790660436854,2.0,1.0
1,1,1,1,1,1,1,14,5,5,0.5000000000000002,0.13397459621556118,0.02507208781817638,0.7774790660436854,1.5,0.1339745962155613
1,1,3,1,1,1,1,15,4,5,0.29289321881345287,0.2928932188134521,0.5661162608824419,0.09903113209758085,1.5,0.1339745962155613
1,1,1,1,1,1,1,8,4,6,1.8660254037844388,0.5000000000000002,0.5661162608824419,0.09903113209758085,1.0000000000000002,0.0
1,1,1,1,1,1,1,13,7,8,0.7411809548974793,0.03407417371093169,0.9999999999999998,2.0,0.13397459621556151,0.49999999999999956
1,1,3,1,1,1,1,17,1,7,0.03407417371093169,0.7411809548974794,1.78183148246803,1.6234898018587336,0.5000000000000002,0.13397459621556118
2,3,1,2,1,2,1,5,6,2,1.9659258262890682,1.2588190451025207,0.21816851753197009,1.6234898018587334,1.8660254037844386,1.5
1,3,3,1,1,2,0,3,1,3,1.7071067811865475,1.7071067811865475,1.78183148246803,1.6234898018587336,2.0,1.0
1,3,3,1,1,2,1,20,4,3,0.1339745962155614,1.5,0.5661162608824419,0.09903113209758085,2.0,1.0
1,1,3,1,1,1,1,14,1,2,0.5000000000000002,0.13397459621556118,1.78183148246803,1.6234898018587336,1.8660254037844386,1.5
2,1,1,2,1,1,1,17,3,5,0.03407417371093169,0.7411809548974794,1.4338837391175583,0.09903113209758097,1.5,0.1339745962155613
1,1,3,2,1,2,1,17,6,7,0.03407417371093169,0.7411809548974794,0.21816851753197009,1.6234898018587334,0.5000000000000002,0.13397459621556118
1,3,2,1,1,1,1,17,5,11,0.03407417371093169,0.7411809548974794,0.02507208781817638,0.7774790660436854,0.49999999999999956,1.8660254037844384
2,1,1,2,1,2,1,15,6,10,0.29289321881345287,0.2928932188134521,0.21816851753197009,1.6234898018587334,0.1339745962155614,1.5
1,1,3,1,1,1,1,10,1,1,1.5,0.1339745962155613,1.78183148246803,1.6234898018587336,1.5,1.8660254037844388
1,1,3,1,1,2,1,9,5,1,1.7071067811865475,0.29289321881345254,0.02507208781817638,0.7774790660436854,1.5,1.8660254037844388
1,1,2,1,1,2,1,14,7,6,0.5000000000000002,0.13397459621556118,0.9999999999999998,2.0,1.0000000000000002,0.0
1,1,3,1,1,2,1,17,1,9,0.03407417371093169,0.7411809548974794,1.78183148246803,1.6234898018587336,0.0,0.9999999999999998
1,3,1,1,1,2,1,18,5,3,0.0,0.9999999999999998,0.02507208781817638,0.7774790660436854,2.0,1.0
1,1,2,1,1,1,1,9,3,2,1.7071067811865475,0.29289321881345254,1.4338837391175583,0.09903113209758097,1.8660254037844386,1.5
1,1,4,1,1,2,1,14,4,3,0.5000000000000002,0.13397459621556118,0.5661162608824419,0.09903113209758085,2.0,1.0
1,3,2,1,1,2,1,21,5,3,0.2928932188134523,1.7071067811865475,0.02507208781817638,0.7774790660436854,2.0,1.0
1,1,3,1,1,1,1,9,4,3,1.7071067811865475,0.29289321881345254,0.5661162608824419,0.09903113209758085,2.0,1.0
1,1,1,1,1,1,1,17,4,9,0.03407417371093169,0.7411809548974794,0.5661162608824419,0.09903113209758085,0.0,0.9999999999999998
1,1,3,1,1,1,1,16,3,7,0.13397459621556151,0.49999999999999956,1.4338837391175583,0.09903113209758097,0.5000000000000002,0.13397459621556118
1,3,3,1,1,1,1,0,4,7,1.0,2.0,0.5661162608824419,0.09903113209758085,0.5000000000000002,0.13397459621556118
1,3,3,2,1,2,1,4,7,12,1.8660254037844386,1.5,0.9999999999999998,2.0,0.9999999999999998,2.0
1,1,1,1,1,1,1,17,1,9,0.03407417371093169,0.7411809548974794,1.78183148246803,1.6234898018587336,0.0,0.9999999999999998
3,1,1,3,1,2,1,6,2,4,2.0,1.0,1.9749279121818235,0.7774790660436857,1.8660254037844388,0.5000000000000002
1,1,2,1,1,2,1,15,6,12,0.29289321881345287,0.2928932188134521,0.21816851753197009,1.6234898018587334,0.9999999999999998,2.0
1,1,2,1,1,2,1,13,2,6,0.7411809548974793,0.03407417371093169,1.9749279121818235,0.7774790660436857,1.0000000000000002,0.0
1,1,1,1,1,1,1,17,3,3,0.03407417371093169,0.7411809548974794,1.4338837391175583,0.09903113209758097,2.0,1.0
1,1,1,1,1,1,1,9,1,1,1.7071067811865475,0.29289321881345254,1.78183148246803,1.6234898018587336,1.5,1.8660254037844388
1,1,2,1,1,1,1,18,6,6,0.0,0.9999999999999998,0.21816851753197009,1.6234898018587334,1.0000000000000002,0.0
2,1,1,2,1,1,1,16,1,10,0.13397459621556151,0.49999999999999956,1.78183148246803,1.6234898018587336,0.1339745962155614,1.5
1,1,1,1,1,1,1,8,3,1,1.8660254037844388,0.5000000000000002,1.4338837391175583,0.09903113209758097,1.5,1.8660254037844388
1,3,1,2,1,2,1,17,2,1,0.03407417371093169,0.7411809548974794,1.9749279121818235,0.7774790660436857,1.5,1.8660254037844388
1,1,2,1,1,1,1,11,5,3,1.258819045102521,0.0340741737109318,0.02507208781817638,0.7774790660436854,2.0,1.0
1,3,3,1,1,1,1,22,3,10,0.49999999999999956,1.8660254037844384,1.4338837391175583,0.09903113209758097,0.1339745962155614,1.5
1,1,1,1,1,1,1,14,4,5,0.5000000000000002,0.13397459621556118,0.5661162608824419,0.09903113209758085,1.5,0.1339745962155613
1,3,2,1,1,1,1,22,3,4,0.49999999999999956,1.8660254037844384,1.4338837391175583,0.09903113209758097,1.8660254037844388,0.5000000000000002
1,1,3,1,1,1,1,8,3,1,1.8660254037844388,0.5000000000000002,1.4338837391175583,0.09903113209758097,1.5,1.8660254037844388
1,3,2,2,1,2,1,6,6,1,2.0,1.0,0.21816851753197009,1.6234898018587334,1.5,1.8660254037844388
1,3,1,1,1,2,1,16,6,11,0.13397459621556151,0.49999999999999956,0.21816851753197009,1.6234898018587334,0.49999999999999956,1.8660254037844384
1,1,3,1,1,1,1,16,6,4,0.13397459621556151,0.49999999999999956,0.21816851753197009,1.6234898018587334,1.8660254037844388,0.5000000000000002
1,1,4,1,1,1,1,11,1,1,1.258819045102521,0.0340741737109318,1.78183148246803,1.6234898018587336,1.5,1.8660254037844388
1,1,1,1,1,1,1,17,1,6,0.03407417371093169,0.7411809548974794,1.78183148246803,1.6234898018587336,1.0000000000000002,0.0
1,1,3,1,1,2,1,11,4,11,1.258819045102521,0.0340741737109318,0.5661162608824419,0.09903113209758085,0.49999999999999956,1.8660254037844384
1,1,1,1,1,1,1,9,2,2,1.7071067811865475,0.29289321881345254,1.9749279121818235,0.7774790660436857,1.8660254037844386,1.5
1,1,2,1,1,2,1,15,7,8,0.29289321881345287,0.2928932188134521,0.9999999999999998,2.0,0.13397459621556151,0.49999999999999956
1,4,1,1,1,2,1,2,7,10,1.5,1.8660254037844388,0.9999999999999998,2.0,0.1339745962155614,1.5
1,1,1,1,1,1,1,8,2,8,1.8660254037844388,0.5000000000000002,1.9749279121818235,0.7774790660436857,0.13397459621556151,0.49999999999999956
1,1,1,1,1,2,0,13,3,7,0.7411809548974793,0.03407417371093169,1.4338837391175583,0.09903113209758097,0.5000000000000002,0.13397459621556118
1,3,1,1,1,2,1,19,1,3,0.03407417371093158,1.2588190451025203,1.78183148246803,1.6234898018587336,2.0,1.0
2,3,3,2,1,2,1,2,1,10,1.5,1.8660254037844388,1.78183148246803,1.6234898018587336,0.1339745962155614,1.5
1,1,1,1,1,1,1,19,1,6,0.03407417371093158,1.2588190451025203,1.78183148246803,1.6234898018587336,1.0000000000000002,0.0
1,3,2,1,1,2,1,20,7,8,0.1339745962155614,1.5,0.9999999999999998,2.0,0.13397459621556151,0.49999999999999956
1,1,2,1,1,1,1,16,4,1,0.13397459621556151,0.49999999999999956,0.5661162608824419,0.09903113209758085,1.5,1.8660254037844388
3,3,2,3,1,2,1,22,5,12,0.49999999999999956,1.8660254037844384,0.02507208781817638,0.7774790660436854,0.9999999999999998,2.0
1,1,3,1,1,2,1,8,5,11,1.8660254037844388,0.5000000000000002,0.02507208781817638,0.7774790660436854,0.49999999999999956,1.8660254037844384
2,3,1,2,1,1,1,20,4,8,0.1339745962155614,1.5,0.5661162608824419,0.09903113209758085,0.13397459621556151,0.49999999999999956
2,1,3,2,1,2,1,8,3,5,1.8660254037844388,0.5000000000000002,1.4338837391175583,0.09903113209758097,1.5,0.1339745962155613
1,1,1,1,1,1,1,11,4,2,1.258819045102521,0.0340741737109318,0.5661162608824419,0.09903113209758085,1.8660254037844386,1.5
1,3,3,1,1,2,1,0,5,1,1.0,2.0,0.02507208781817638,0.7774790660436854,1.5,1.8660254037844388
1,1,2,1,1,1,1,15,7,11,0.29289321881345287,0.2928932188134521,0.9999999999999998,2.0,0.49999999999999956,1.8660254037844384
1,1,3,1,1,2,1,12,4,7,1.0000000000000002,0.0,0.5661162608824419,0.09903113209758085,0.5000000000000002,0.13397459621556118
1,1,1,1,1,1,1,16,3,12,0.13397459621556151,0.49999999999999956,1.4338837391175583,0.09903113209758097,0.9999999999999998,2.0
1,1,1,1,1,1,1,15,5,8,0.29289321881345287,0.2928932188134521,0.02507208781817638,0.7774790660436854,0.13397459621556151,0.49999999999999956
1,1,1,1,1,2,1,18,6,4,0.0,0.9999999999999998,0.21816851753197009,1.6234898018587334,1.8660254037844388,0.5000000000000002
1,1,1,1,1,1,1,11,1,8,1.258819045102521,0.0340741737109318,1.78183148246803,1.6234898018587336,0.13397459621556151,0.49999999999999956
1,1,1,1,1,1,1,7,4,5,1.9659258262890682,0.7411809548974794,0.5661162608824419,0.09903113209758085,1.5,0.1339745962155613
1,1,1,1,1,2,0,12,7,11,1.0000000000000002,0.0,0.9999999999999998,2.0,0.49999999999999956,1.8660254037844384
1,3,3,1,1,1,1,2,7,9,1.5,1.8660254037844388,0.9999999999999998,2.0,0.0,0.9999999999999998
1,3,3,1,1,1,1,5,3,9,1.9659258262890682,1.2588190451025207,1.4338837391175583,0.09903113209758097,0.0,0.9999999999999998
1,3,1,1,1,1,1,22,4,8,0.49999999999999956,1.8660254037844384,0.5661162608824419,0.09903113209758085,0.13397459621556151,0.49999999999999956
1,2,1,1,1,2,0,16,6,11,0.13397459621556151,0.49999999999999956,0.21816851753197009,1.6234898018587334,0.49999999999999956,1.8660254037844384
1,1,3,1,1,1,1,15,2,8,0.29289321881345287,0.2928932188134521,1.9749279121818235,0.7774790660436857,0.13397459621556151,0.49999999999999956
1,1,3,1,1,2,1,8,7,5,1.8660254037844388,0.5000000000000002,0.9999999999999998,2.0,1.5,0.1339745962155613
1,1,2,1,3,1,1,13,1,11,0.7411809548974793,0.03407417371093169,1.78183148246803,1.6234898018587336,0.49999999999999956,1.8660254037844384
1,1,2,1,1,1,1,11,7,10,1.258819045102521,0.0340741737109318,0.9999999999999998,2.0,0.1339745962155614,1.5
1,3,3,1,1,2,1,19,6,9,0.03407417371093158,1.2588190451025203,0.21816851753197009,1.6234898018587334,0.0,0.9999999999999998
2,1,3,2,1,1,1,19,2,5,0.03407417371093158,1.2588190451025203,1.9749279121818235,0.7774790660436857,1.5,0.1339745962155613
1,1,1,1,1,1,1,7,2,5,1.9659258262890682,0.7411809548974794,1.9749279121818235,0.7774790660436857,1.5,0.1339745962155613
1,2,2,1,1,2,1,6,3,1,2.0,1.0,1.4338837391175583,0.09903113209758097,1.5,1.8660254037844388
2,1,1,2,1,1,1,15,7,12,0.29289321881345287,0.2928932188134521,0.9999999999999998,2.0,0.9999999999999998,2.0
1,1,1,1,1,1,1,13,3,4,0.7411809548974793,0.03407417371093169,1.4338837391175583,0.09903113209758097,1.8660254037844388,0.5000000000000002
1,1,3,1,1,2,1,8,3,8,1.8660254037844388,0.5000000000000002,1.4338837391175583,0.09903113209758097,0.13397459621556151,0.49999999999999956
1,3,1,1,1,1,1,23,7,7,0.7411809548974784,1.9659258262890682,0.9999999999999998,2.0,0.5000000000000002,0.13397459621556118
2,1,3,2,1,1,1,13,7,4,0.7411809548974793,0.03407417371093169,0.9999999999999998,2.0,1.8660254037844388,0.5000000000000002
1,1,2,1,1,2,1,15,4,8,0.29289321881345287,0.2928932188134521,0.5661162608824419,0.09903113209758085,0.13397459621556151,0.49999999999999956
1,3,1,2,1,1,1,19,7,10,0.03407417371093158,1.2588190451025203,0.9999999999999998,2.0,0.1339745962155614,1.5
2,2,2,2,1,2,1,17,6,4,0.03407417371093169,0.7411809548974794,0.21816851753197009,1.6234898018587334,1.8660254037844388,0.5000000000000002
1,1,3,1,1,2,0,11,7,2,1.258819045102521,0.0340741737109318,0.9999999999999998,2.0,1.8660254037844386,1.5
1,1,3,1,1,1,1,16,4,1,0.13397459621556151,0.49999999999999956,0.5661162608824419,0.09903113209758085,1.5,1.8660254037844388
1,1,3,1,1,1,1,16,4,8,0.13397459621556151,0.49999999999999956,0.5661162608824419,0.09903113209758085,0.13397459621556151,0.49999999999999956
1,1,3,1,1,2,1,16,2,8,0.13397459621556151,0.49999999999999956,1.9749279121818235,0.7774790660436857,0.13397459621556151,0.49999999999999956
2,1,2,2,1,1,1,8,5,5,1.8660254037844388,0.5000000000000002,0.02507208781817638,0.7774790660436854,1.5,0.1339745962155613
1,3,1,1,2,2,1,23,3,11,0.7411809548974784,1.9659258262890682,1.4338837391175583,0.09903113209758097,0.49999999999999956,1.8660254037844384
1,3,1,1,1,1,1,21,4,7,0.2928932188134523,1.7071067811865475,0.5661162608824419,0.09903113209758085,0.5000000000000002,0.13397459621556118
3,4,2,3,1,1,1,19,4,2,0.03407417371093158,1.2588190451025203,0.5661162608824419,0.09903113209758085,1.8660254037844386,1.5
2,1,2,2,1,1,1,7,3,9,1.9659258262890682,0.7411809548974794,1.4338837391175583,0.09903113209758097,0.0,0.9999999999999998
1,1,1,1,1,1,1,17,7,9,0.03407417371093169,0.7411809548974794,0.9999999999999998,2.0,0.0,0.9999999999999998
1,1,1,1,1,1,1,10,1,9,1.5,0.1339745962155613,1.78183148246803,1.6234898018587336,0.0,0.9999999999999998
1,1,2,1,1,1,1,11,7,1,1.258819045102521,0.0340741737109318,0.9999999999999998,2.0,1.5,1.8660254037844388
1,1,2,1,1,2,1,16,6,7,0.13397459621556151,0.49999999999999956,0.21816851753197009,1.6234898018587334,0.5000000000000002,0.13397459621556118
1,1,1,1,1,1,1,16,5,6,0.13397459621556151,0.49999999999999956,0.02507208781817638,0.7774790660436854,1.0000000000000002,0.0
1,3,2,1,1,2,1,22,2,10,0.49999999999999956,1.8660254037844384,1.9749279121818235,0.7774790660436857,0.1339745962155614,1.5
1,1,2,1,1,1,1,15,5,2,0.29289321881345287,0.2928932188134521,0.02507208781817638,0.7774790660436854,1.8660254037844386,1.5
1,3,3,1,1,1,1,2,7,6,1.5,1.8660254037844388,0.9999999999999998,2.0,1.0000000000000002,0.0
1,1,1,1,1,1,1,18,4,5,0.0,0.9999999999999998,0.5661162608824419,0.09903113209758085,1.5,0.1339745962155613
1,1,3,1,1,1,1,19,3,7,0.03407417371093158,1.2588190451025203,1.4338837391175583,0.09903113209758097,0.5000000000000002,0.13397459621556118
1,1,1,1,1,1,1,8,5,9,1.8660254037844388,0.5000000000000002,0.02507208781817638,0.7774790660436854,0.0,0.9999999999999998
3,2,1,2,1,1,1,16,2,4,0.13397459621556151,0.49999999999999956,1.9749279121818235,0.7774790660436857,1.8660254037844388,0.5000000000000002
1,1,1,2,1,1,1,8,4,11,1.8660254037844388,0.5000000000000002,0.5661162608824419,0.09903113209758085,0.49999999999999956,1.8660254037844384
1,3,1,1,1,1,1,0,7,8,1.0,2.0,0.9999999999999998,2.0,0.13397459621556151,0.49999999999999956
1,1,1,1,1,1,1,7,6,7,1.9659258262890682,0.7411809548974794,0.21816851753197009,1.6234898018587334,0.5000000000000002,0.13397459621556118
2,1,1,2,3,1,1,11,6,9,1.258819045102521,0.0340741737109318,0.21816851753197009,1.6234898018587334,0.0,0.9999999999999998
1,1,2,1,1,2,1,17,1,8,0.03407417371093169,0.7411809548974794,1.78183148246803,1.6234898018587336,0.13397459621556151,0.49999999999999956
1,3,1,1,1,2,1,18,6,12,0.0,0.9999999999999998,0.21816851753197009,1.6234898018587334,0.9999999999999998,2.0
1,1,1,1,1,2,1,9,1,9,1.7071067811865475,0.29289321881345254,1.78183148246803,1.6234898018587336,0.0,0.9999999999999998
1,3,3,1,1,2,1,3,7,6,1.7071067811865475,1.7071067811865475,0.9999999999999998,2.0,1.0000000000000002,0.0
1,3,2,1,1,2,0,0,1,3,1.0,2.0,1.78183148246803,1.6234898018587336,2.0,1.0
1,1,2,1,1,2,1,17,7,8,0.03407417371093169,0.7411809548974794,0.9999999999999998,2.0,0.13397459621556151,0.49999999999999956
1,3,1,1,1,2,1,23,7,7,0.7411809548974784,1.9659258262890682,0.9999999999999998,2.0,0.5000000000000002,0.13397459621556118
1,1,3,1,1,1,1,11,7,2,1.258819045102521,0.0340741737109318,0.9999999999999998,2.0,1.8660254037844386,1.5
1,1,2,1,1,2,0,17,2,9,0.03407417371093169,0.7411809548974794,1.9749279121818235,0.7774790660436857,0.0,0.9999999999999998
1,3,2,1,1,2,0,20,1,11,0.1339745962155614,1.5,1.78183148246803,1.6234898018587336,0.49999999999999956,1.8660254037844384
1,3,1,2,1,1,1,23,7,5,0.7411809548974784,1.9659258262890682,0.9999999999999998,2.0,1.5,0.1339745962155613
1,1,3,1,1,1,1,7,5,10,1.9659258262890682,0.7411809548974794,0.02507208781817638,0.7774790660436854,0.1339745962155614,1.5
1,2,1,1,1,1,0,4,4,1,1.8660254037844386,1.5,0.5661162608824419,0.09903113209758085,1.5,1.8660254037844388
1,1,2,1,1,1,1,17,6,8,0.03407417371093169,0.7411809548974794,0.21816851753197009,1.6234898018587334,0.13397459621556151,0.49999999999999956
1,1,2,1,1,1,1,8,5,9,1.8660254037844388,0.5000000000000002,0.02507208781817638,0.7774790660436854,0.0,0.9999999999999998
1,1,2,1,1,2,1,14,2,11,0.5000000000000002,0.13397459621556118,1.9749279121818235,0.7774790660436857,0.49999999999999956,1.8660254037844384
1,1,1,1,1,2,1,16,3,9,0.13397459621556151,0.49999999999999956,1.4338837391175583,0.09903113209758097,0.0,0.9999999999999998
1,1,1,1,1,2,1,14,1,12,0.5000000000000002,0.13397459621556118,1.78183148246803,1.6234898018587336,0.9999999999999998,2.0
2,1,3,2,1,2,0,12,2,6,1.0000000000000002,0.0,1.9749279121818235,0.7774790660436857,1.0000000000000002,0.0
1,1,1,1,1,1,0,14,2,5,0.5000000000000002,0.13397459621556118,1.9749279121818235,0.7774790660436857,1.5,0.1339745962155613
1,1,3,1,1,2,1,17,2,8,0.03407417371093169,0.7411809548974794,1.9749279121818235,0.7774790660436857,0.13397459621556151,0.49999999999999956
1,1,2,1,1,1,1,17,6,8,0.03407417371093169,0.7411809548974794,0.21816851753197009,1.6234898018587334,0.13397459621556151,0.49999999999999956
1,1,2,1,1,2,1,10,4,1,1.5,0.1339745962155613,0.5661162608824419,0.09903113209758085,1.5,1.8660254037844388
1,1,2,1,1,1,1,15,2,1,0.29289321881345287,0.2928932188134521,1.9749279121818235,0.7774790660436857,1.5,1.8660254037844388
1,1,2,1,1,1,1,18,3,8,0.0,0.9999999999999998,1.4338837391175583,0.09903113209758097,0.13397459621556151,0.49999999999999956
1,1,1,1,1,1,1,11,6,3,1.258819045102521,0.0340741737109318,0.21816851753197009,1.6234898018587334,2.0,1.0
1,1,1,1,1,1,1,18,2,7,0.0,0.9999999999999998,1.9749279121818235,0.7774790660436857,0.5000000000000002,0.13397459621556118
2,3,3,2,1,1,1,21,2,11,0.2928932188134523,1.7071067811865475,1.9749279121818235,0.7774790660436857,0.49999999999999956,1.8660254037844384
1,1,1,1,1,1,1,9,4,4,1.7071067811865475,0.29289321881345254,0.5661162608824419,0.09903113209758085,1.8660254037844388,0.5000000000000002
1,1,2,1,1,1,0,7,3,8,1.9659258262890682,0.7411809548974794,1.4338837391175583,0.09903113209758097,0.13397459621556151,0.49999999999999956
1,1,2,1,1,2,1,11,6,2,1.258819045102521,0.0340741737109318,0.21816851753197009,1.6234898018587334,1.8660254037844386,1.5
1,1,3,1,1,2,1,7,3,2,1.9659258262890682,0.7411809548974794,1.4338837391175583,0.09903113209758097,1.8660254037844386,1.5
2,1,3,2,1,2,1,9,2,4,1.7071067811865475,0.29289321881345254,1.9749279121818235,0.7774790660436857,1.8660254037844388,0.5000000000000002
1,3,1,1,1,1,1,19,5,4,0.03407417371093158,1.2588190451025203,0.02507208781817638,0.7774790660436854,1.8660254037844388,0.5000000000000002
2,1,3,2,1,2,1,10,5,5,1.5,0.1339745962155613,0.02507208781817638,0.7774790660436854,1.5,0.1339745962155613
1,1,1,1,1,1,1,6,4,10,2.0,1.0,0.5661162608824419,0.09903113209758085,0.1339745962155614,1.5
1,3,3,1,1,1,1,20,7,6,0.1339745962155614,1.5,0.9999999999999998,2.0,1.0000000000000002,0.0
2,1,2,2,1,1,1,15,4,10,0.29289321881345287,0.2928932188134521,0.5661162608824419,0.09903113209758085,0.1339745962155614,1.5
1,1,1,1,1,1,1,7,5,11,1.9659258262890682,0.7411809548974794,0.02507208781817638,0.7774790660436854,0.49999999999999956,1.8660254037844384
1,1,2,1,1,2,1,18,4,9,0.0,0.9999999999999998,0.5661162608824419,0.09903113209758085,0.0,0.9999999999999998
3,1,3,2,1,2,1,10,5,2,1.5,0.1339745962155613,0.02507208781817638,0.7774790660436854,1.8660254037844386,1.5
1,1,1,1,1,1,1,14,2,9,0.5000000000000002,0.13397459621556118,1.9749279121818235,0.7774790660436857,0.0,0.9999999999999998
3,1,1,3,1,1,1,9,2,1,1.7071067811865475,0.29289321881345254,1.9749279121818235,0.7774790660436857,1.5,1.8660254037844388
1,3,2,1,1,2,1,20,4,3,0.1339745962155614,1.5,0.5661162608824419,0.09903113209758085,2.0,1.0
1,1,2,1,1,1,1,7,7,5,1.9659258262890682,0.7411809548974794,0.9999999999999998,2.0,1.5,0.1339745962155613
1,1,2,1,1,2,1,16,4,4,0.13397459621556151,0.49999999999999956,0.5661162608824419,0.09903113209758085,1.8660254037844388,0.5000000000000002
1,1,1,1,1,2,1,13,4,11,0.7411809548974793,0.03407417371093169,0.5661162608824419,0.09903113209758085,0.49999999999999956,1.8660254037844384
1,1,1,1,3,1,1,10,1,12,1.5,0.1339745962155613,1.78183148246803,1.6234898018587336,0.9999999999999998,2.0
1,3,3,1,1,2,1,23,7,11,0.7411809548974784,1.9659258262890682,0.9999999999999998,2.0,0.49999999999999956,1.8660254037844384
1,1,1,1,1,1,1,16,5,4,0.13397459621556151,0.49999999999999956,0.02507208781817638,0.7774790660436854,1.8660254037844388,0.5000000000000002
2,1,3,2,1,2,1,8,2,9,1.8660254037844388,0.5000000000000002,1.9749279121818235,0.7774790660436857,0.0,0.9999999999999998
1,3,1,1,1,1,1,19,7,2,0.03407417371093158,1.2588190451025203,0.9999999999999998,2.0,1.8660254037844386,1.5
1,1,2,1,1,2,0,16,7,8,0.13397459621556151,0.49999999999999956,0.9999999999999998,2.0,0.13397459621556151,0.49999999999999956
1,3,2,1,1,2,1,18,3,2,0.0,0.9999999999999998,1.4338837391175583,0.09903113209758097,1.8660254037844386,1.5
1,3,3,1,1,1,1,2,6,3,1.5,1.8660254037844388,0.21816851753197009,1.6234898018587334,2.0,1.0
3,3,2,3,1,1,1,19,4,12,0.03407417371093158,1.2588190451025203,0.5661162608824419,0.09903113209758085,0.9999999999999998,2.0
1,3,1,4,1,2,1,18,3,1,0.0,0.9999999999999998,1.4338837391175583,0.09903113209758097,1.5,1.8660254037844388
1,1,1,1,1,1,1,9,4,7,1.7071067811865475,0.29289321881345254,0.5661162608824419,0.09903113209758085,0.5000000000000002,0.13397459621556118
2,3,3,2,1,2,1,0,2,4,1.0,2.0,1.9749279121818235,0.7774790660436857,1.8660254037844388,0.5000000000000002
1,1,1,2,1,2,0,8,6,1,1.8660254037844388,0.5000000000000002,0.21816851753197009,1.6234898018587334,1.5,1.8660254037844388