weather_condition,lighting_condition,trafficway_type,roadway_surface_cond,road_defect,crash_type,intersection_related_i,crash_hour,crash_day_of_week,crash_month,crash_hour_sin,crash_hour_cos,crash_day_sin,crash_day_cos,crash_month_sin,crash_month_cos
1,1,3,1,1,2,1,10,3,10,1.5,0.1339745962155613,1.4338837391175583,0.09903113209758097,0.1339745962155614,1.5
1,2,1,1,1,1,0,3,7,3,1.7071067811865475,1.7071067811865475,0.9999999999999998,2.0,2.0,1.0
2,3,1,2,1,1,0,21,6,6,0.2928932188134523,1.7071067811865475,0.21816851753197009,1.6234898018587334,1.0000000000000002,0.0
1,3,2,1,1,2,1,17,1,11,0.03407417371093169,0.7411809548974794,1.78183148246803,1.6234898018587336,0.49999999999999956,1.8660254037844384
1,3,3,2,1,2,1,17,1,1,0.03407417371093169,0.7411809548974794,1.78183148246803,1.6234898018587336,1.5,1.8660254037844388
1,3,1,1,1,2,1,0,2,12,1.0,2.0,1.9749279121818235,0.7774790660436857,0.9999999999999998,2.0
1,1,3,1,1,2,1,8,6,10,1.8660254037844388,0.5000000000000002,0.21816851753197009,1.6234898018587334,0.1339745962155614,1.5
1,2,1,1,1,2,1,6,5,12,2.0,1.0,0.02507208781817638,0.7774790660436854,0.9999999999999998,2.0
1,2,2,1,1,2,1,1,2,9,1.2588190451025207,1.9659258262890682,1.9749279121818235,0.7774790660436857,0.0,0.9999999999999998
1,1,2,1,1,1,1,16,2,6,0.13397459621556151,0.49999999999999956,1.9749279121818235,0.7774790660436857,1.0000000000000002,0.0
1,1,3,2,1,2,1,7,4,5,1.9659258262890682,0.7411809548974794,0.5661162608824419,0.09903113209758085,1.5,0.1339745962155613
1,1,1,1,1,1,1,18,2,4,0.0,0.9999999999999998,1.9749279121818235,0.7774790660436857,1.8660254037844388,0.5000000000000002
1,1,2,1,1,1,1,14,5,7,0.5000000000000002,0.13397459621556118,0.02507208781817638,0.7774790660436854,0.5000000000000002,0.13397459621556118
1,1,3,1,1,1,1,11,3,11,1.258819045102521,0.0340741737109318,1.4338837391175583,0.09903113209758097,0.49999999999999956,1.8660254037844384
1,1,3,1,1,2,1,9,5,12,1.7071067811865475,0.29289321881345254,0.02507208781817638,0.7774790660436854,0.9999999999999998,2.0
2,1,1,2,1,1,1,9,3,3,1.7071067811865475,0.29289321881345254,1.4338837391175583,0.09903113209758097,2.0,1.0
2,1,2,2,1,2,1,9,7,8,1.7071067811865475,0.29289321881345254,0.9999999999999998,2.0,0.13397459621556151,0.49999999999999956
1,1,3,1,4,1,1,15,7,9,0.29289321881345287,0.2928932188134521,0.9999999999999998,2.0,0.0,0.9999999999999998
3,3,1,2,1,1,1,17,3,2,0.03407417371093169,0.7411809548974794,1.4338837391175583,0.09903113209758097,1.8660254037844386,1.5
2,1,2,2,1,2,1,11,2,3,1.258819045102521,0.0340741737109318,1.9749279121818235,0.7774790660436857,2.0,1.0
1,1,2,1,1,1,1,12,6,12,1.0000000000000002,0.0,0.21816851753197009,1.6234898018587334,0.9999999999999998,2.0
1,2,1,1,1,1,1,17,6,2,0.03407417371093169,0.7411809548974794,0.21816851753197009,1.6234898018587334,1.8660254037844386,1.5
1,1,2,1,1,1,1,8,4,1,1.8660254037844388,0.5000000000000002,0.5661162608824419,0.09903113209758085,1.5,1.8660254037844388
1,1,2,1,1,2,1,8,4,8,1.8660254037844388,0.5000000000000002,0.5661162608824419,0.09903113209758085,0.13397459621556151,0.49999999999999956
1,1,2,1,1,1,1,8,5,8,1.8660254037844388,0.5000000000000002,0.02507208781817638,0.7774790660436854,0.13397459621556151,0.49999999999999956
1,1,1,1,1,1,1,7,3,8,1.9659258262890682,0.7411809548974794,1.4338837391175583,0.09903113209758097,0.13397459621556151,0.49999999999999956
1,1,3,1,1,1,1,3,7,7,1.7071067811865475,1.7071067811865475,0.9999999999999998,2.0,0.5000000000000002,0.13397459621556118
1,1,2,2,3,1,1,12,7,12,1.0000000000000002,0.0,0.9999999999999998,2.0,0.9999999999999998,2.0
1,2,3,1,1,1,1,17,5,4,0.03407417371093169,0.7411809548974794,0.02507208781817638,0.7774790660436854,1.8660254037844388,0.5000000000000002
1,1,3,1,1,2,1,16,6,10,0.13397459621556151,0.49999999999999956,0.21816851753197009,1.6234898018587334,0.1339745962155614,1.5
1,1,2,2,1,2,1,7,6,3,1.9659258262890682,0.7411809548974794,0.21816851753197009,1.6234898018587334,2.0,1.0
1,1,2,1,1,1,1,17,4,5,0.03407417371093169,0.7411809548974794,0.5661162608824419,0.09903113209758085,1.5,0.1339745962155613
2,1,1,2,1,1,1,16,6,3,0.13397459621556151,0.49999999999999956,0.21816851753197009,1.6234898018587334,2.0,1.0
1,3,2,1,1,1,1,21,4,1,0.2928932188134523,1.7071067811865475,0.5661162608824419,0.09903113209758085,1.5,1.8660254037844388
1,1,1,1,1,2,1,12,1,2,1.0000000000000002,0.0,1.78183148246803,1.6234898018587336,1.8660254037844386,1.5
1,1,1,1,1,1,1,13,2,11,0.7411809548974793,0.03407417371093169,1.9749279121818235,0.7774790660436857,0.49999999999999956,1.8660254037844384
1,1,2,1,1,1,1,17,3,2,0.03407417371093169,0.7411809548974794,1.4338837391175583,0.09903113209758097,1.8660254037844386,1.5
1,3,1,1,1,2,1,20,4,3,0.1339745962155614,1.5,0.5661162608824419,0.09903113209758085,2.0,1.0
1,1,3,2,1,2,1,18,6,8,0.0,0.9999999999999998,0.21816851753197009,1.6234898018587334,0.13397459621556151,0.49999999999999956
2,1,2,2,1,2,1,9,7,9,1.7071067811865475,0.29289321881345254,0.9999999999999998,2.0,0.0,0.9999999999999998
1,1,3,1,1,2,1,7,2,11,1.9659258262890682,0.7411809548974794,1.9749279121818235,0.7774790660436857,0.49999999999999956,1.8660254037844384
1,1,1,1,1,1,1,14,7,10,0.5000000000000002,0.13397459621556118,0.9999999999999998,2.0,0.1339745962155614,1.5
1,1,1,1,1,2,1,11,6,8,1.258819045102521,0.0340741737109318,0.21816851753197009,1.6234898018587334,0.13397459621556151,0.49999999999999956
1,1,1,1,4,1,1,16,5,3,0.13397459621556151,0.49999999999999956,0.02507208781817638,0.7774790660436854,2.0,1.0
1,1,3,1,1,1,1,11,5,6,1.258819045102521,0.0340741737109318,0.02507208781817638,0.7774790660436854,1.0000000000000002,0.0
1,1,3,1,1,1,1,19,5,7,0.03407417371093158,1.2588190451025203,0.02507208781817638,0.7774790660436854,0.5000000000000002,0.13397459621556118
1,1,1,1,1,1,1,19,7,11,0.03407417371093158,1.2588190451025203,0.9999999999999998,2.0,0.49999999999999956,1.8660254037844384
1,1,1,1,1,1,1,5,2,1,1.9659258262890682,1.2588190451025207,1.9749279121818235,0.7774790660436857,1.5,1.8660254037844388
2,3,1,2,1,2,1,20,4,4,0.1339745962155614,1.5,0.5661162608824419,0.09903113209758085,1.8660254037844388,0.5000000000000002
1,1,3,1,3,2,1,12,3,10,1.0000000000000002,0.0,1.4338837391175583,0.09903113209758097,0.1339745962155614,1.5
1,1,4,2,1,1,1,11,5,12,1.258819045102521,0.0340741737109318,0.02507208781817638,0.7774790660436854,0.9999999999999998,2.0
1,1,3,1,1,1,1,8,2,11,1.8660254037844388,0.5000000000000002,1.9749279121818235,0.7774790660436857,0.49999999999999956,1.8660254037844384
1,1,2,1,1,1,1,17,2,5,0.03407417371093169,0.7411809548974794,1.9749279121818235,0.7774790660436857,1.5,0.1339745962155613
1,3,3,1,1,2,1,2,1,7,1.5,1.8660254037844388,1.78183148246803,1.6234898018587336,0.5000000000000002,0.13397459621556118
2,1,1,2,1,2,1,14,1,6,0.5000000000000002,0.13397459621556118,1.78183148246803,1.6234898018587336,1.0000000000000002,0.0
1,1,1,1,1,1,1,6,5,9,2.0,1.0,0.02507208781817638,0.7774790660436854,0.0,0.9999999999999998
4,1,2,1,1,1,1,17,7,10,0.03407417371093169,0.7411809548974794,0.9999999999999998,2.0,0.1339745962155614,1.5
1,1,1,1,1,1,1,17,4,5,0.03407417371093169,0.7411809548974794,0.5661162608824419,0.09903113209758085,1.5,0.1339745962155613
1,3,4,1,1,1,1,23,1,12,0.7411809548974784,1.9659258262890682,1.78183148246803,1.6234898018587336,0.9999999999999998,2.0
1,1,1,1,1,1,1,14,1,4,0.5000000000000002,0.13397459621556118,1.78183148246803,1.6234898018587336,1.8660254037844388,0.5000000000000002
1,1,3,1,1,2,1,11,1,3,1.258819045102521,0.0340741737109318,1.78183148246803,1.6234898018587336,2.0,1.0
2,3,1,2,1,1,1,16,7,12,0.13397459621556151,0.49999999999999956,0.9999999999999998,2.0,0.9999999999999998,2.0
1,1,1,1,1,1,1,15,4,7,0.29289321881345287,0.2928932188134521,0.5661162608824419,0.09903113209758085,0.5000000000000002,0.13397459621556118
1,1,3,1,1,1,1,12,6,12,1.0000000000000002,0.0,0.21816851753197009,1.6234898018587334,0.9999999999999998,2.0
2,3,2,2,1,2,1,3,7,8,1.7071067811865475,1.7071067811865475,0.9999999999999998,2.0,0.13397459621556151,0.49999999999999956
1,1,1,1,1,1,1,12,1,3,1.0000000000000002,0.0,1.78183148246803,1.6234898018587336,2.0,1.0
1,1,3,1,1,2,1,18,6,7,0.0,0.9999999999999998,0.21816851753197009,1.6234898018587334,0.5000000000000002,0.13397459621556118
1,3,2,1,1,1,1,23,1,6,0.7411809548974784,1.9659258262890682,1.78183148246803,1.6234898018587336,1.0000000000000002,0.0
2,3,2,2,1,1,0,4,4,12,1.8660254037844386,1.5,0.5661162608824419,0.09903113209758085,0.9999999999999998,2.0
1,1,1,1,1,1,1,8,4,11,1.8660254037844388,0.5000000000000002,0.5661162608824419,0.09903113209758085,0.49999999999999956,1.8660254037844384
1,1,2,1,1,1,1,16,4,9,0.13397459621556151,0.49999999999999956,0.5661162608824419,0.09903113209758085,0.0,0.9999999999999998
1,1,3,1,1,2,1,18,3,8,0.0,0.9999999999999998,1.4338837391175583,0.09903113209758097,0.13397459621556151,0.49999999999999956
1,4,3,1,1,2,1,22,7,4,0.49999999999999956,1.8660254037844384,0.9999999999999998,2.0,1.8660254037844388,0.5000000000000002
1,3,3,1,1,1,1,4,7,3,1.8660254037844386,1.5,0.9999999999999998,2.0,2.0,1.0
1,1,2,1,1,1,1,13,6,1,0.7411809548974793,0.03407417371093169,0.21816851753197009,1.6234898018587334,1.5,1.8660254037844388
1,1,2,1,1,1,1,13,1,1,0.7411809548974793,0.03407417371093169,1.78183148246803,1.6234898018587336,1.5,1.8660254037844388
1,1,1,1,1,1,1,12,6,6,1.0000000000000002,0.0,0.21816851753197009,1.6234898018587334,1.0000000000000002,0.0
2,3,1,2,1,1,1,21,7,4,0.2928932188134523,1.7071067811865475,0.9999999999999998,2.0,1.8660254037844388,0.5000000000000002
1,1,3,1,1,1,1,17,5,6,0.03407417371093169,0.7411809548974794,0.02507208781817638,0.7774790660436854,1.0000000000000002,0.0
3,3,1,3,1,1,1,21,5,2,0.2928932188134523,1.7071067811865475,0.02507208781817638,0.7774790660436854,1.8660254037844386,1.5
1,3,2,1,1,2,1,2,1,5,1.5,1.8660254037844388,1.78183148246803,1.6234898018587336,1.5,0.1339745962155613
1,1,2,1,1,2,1,11,6,6,1.258819045102521,0.0340741737109318,0.21816851753197009,1.6234898018587334,1.0000000000000002,0.0
1,1,3,1,1,2,1,7,4,6,1.9659258262890682,0.7411809548974794,0.5661162608824419,0.09903113209758085,1.0000000000000002,0.0
1,1,3,1,1,2,1,15,5,4,0.29289321881345287,0.2928932188134521,0.02507208781817638,0.7774790660436854,1.8660254037844388,0.5000000000000002
2,4,1,2,1,1,1,18,4,9,0.0,0.9999999999999998,0.5661162608824419,0.09903113209758085,0.0,0.9999999999999998
1,1,2,1,1,2,1,14,5,9,0.5000000000000002,0.13397459621556118,0.02507208781817638,0.7774790660436854,0.0,0.9999999999999998
1,3,1,1,2,1,1,3,1,12,1.7071067811865475,1.7071067811865475,1.78183148246803,1.6234898018587336,0.9999999999999998,2.0
1,3,1,1,1,1,1,17,5,12,0.03407417371093169,0.7411809548974794,0.02507208781817638,0.7774790660436854,0.9999999999999998,2.0
1,1,2,1,3,2,1,11,5,11,1.258819045102521,0.0340741737109318,0.02507208781817638,0.7774790660436854,0.49999999999999956,1.8660254037844384
1,1,1,1,1,1,1,16,6,4,0.13397459621556151,0.49999999999999956,0.21816851753197009,1.6234898018587334,1.8660254037844388,0.5000000000000002
1,1,1,1,1,1,1,14,1,10,0.5000000000000002,0.13397459621556118,1.78183148246803,1.6234898018587336,0.1339745962155614,1.5
1,1,3,1,1,1,1,13,7,1,0.7411809548974793,0.03407417371093169,0.9999999999999998,2.0,1.5,1.8660254037844388
1,3,2,1,1,1,1,0,4,11,1.0,2.0,0.5661162608824419,0.09903113209758085,0.49999999999999956,1.8660254037844384
3,4,1,4,1,2,1,2,4,1,1.5,1.8660254037844388,0.5661162608824419,0.09903113209758085,1.5,1.8660254037844388
1,3,2,1,1,2,1,22,1,6,0.49999999999999956,1.8660254037844384,1.78183148246803,1.6234898018587336,1.0000000000000002,0.0
2,1,1,2,1,1,1,17,4,4,0.03407417371093169,0.7411809548974794,0.5661162608824419,0.09903113209758085,1.8660254037844388,0.5000000000000002
3,3,1,2,1,1,1,21,2,2,0.2928932188134523,1.7071067811865475,1.9749279121818235,0.7774790660436857,1.8660254037844386,1.5
1,1,1,1,1,2,0,13,7,11,0.7411809548974793,0.03407417371093169,0.9999999999999998,2.0,0.49999999999999956,1.8660254037844384
1,1,3,1,1,2,1,16,3,4,0.13397459621556151,0.49999999999999956,1.4338837391175583,0.09903113209758097,1.8660254037844388,0.5000000000000002
1,1,3,1,1,2,1,17,5,5,0.03407417371093169,0.7411809548974794,0.02507208781817638,0.7774790660436854,1.5,0.1339745962155613
1,1,2,1,1,2,0,14,3,7,0.5000000000000002,0.13397459621556118,1.4338837391175583,0.09903113209758097,0.5000000000000002,0.13397459621556118
1,1,3,1,1,1,1,8,6,11,1.8660254037844388,0.5000000000000002,0.21816851753197009,1.6234898018587334,0.49999999999999956,1.8660254037844384
1,1,2,1,1,2,1,12,7,11,1.0000000000000002,0.0,0.9999999999999998,2.0,0.49999999999999956,1.8660254037844384
1,1,2,1,1,1,1,15,6,5,0.29289321881345287,0.2928932188134521,0.21816851753197009,1.6234898018587334,1.5,0.1339745962155613
1,3,3,1,1,2,1,19,5,4,0.03407417371093158,1.2588190451025203,0.02507208781817638,0.7774790660436854,1.8660254037844388,0.5000000000000002
1,1,1,1,1,1,1,18,7,9,0.0,0.9999999999999998,0.9999999999999998,2.0,0.0,0.9999999999999998
1,1,3,1,1,1,1,6,3,6,2.0,1.0,1.4338837391175583,0.09903113209758097,1.0000000000000002,0.0
1,1,2,1,1,2,1,10,6,3,1.5,0.1339745962155613,0.21816851753197009,1.6234898018587334,2.0,1.0
1,1,1,1,1,2,1,9,4,6,1.7071067811865475,0.29289321881345254,0.5661162608824419,0.09903113209758085,1.0000000000000002,0.0
1,1,3,1,1,2,1,8,5,6,1.8660254037844388,0.5000000000000002,0.02507208781817638,0.7774790660436854,1.0000000000000002,0.0
1,4,2,1,1,1,1,18,7,11,0.0,0.9999999999999998,0.9999999999999998,2.0,0.49999999999999956,1.8660254037844384
1,3,1,1,1,1,1,1,1,5,1.2588190451025207,1.9659258262890682,1.78183148246803,1.6234898018587336,1.5,0.1339745962155613
3,1,1,2,1,1,1,9,2,3,1.7071067811865475,0.29289321881345254,1.9749279121818235,0.7774790660436857,2.0,1.0
1,2,3,1,1,1,1,20,4,7,0.1339745962155614,1.5,0.5661162608824419,0.09903113209758085,0.5000000000000002,0.13397459621556118
1,3,3,1,1,2,1,2,7,11,1.5,1.8660254037844388,0.9999999999999998,2.0,0.49999999999999956,1.8660254037844384
1,1,2,1,1,1,1,7,2,11,1.9659258262890682,0.7411809548974794,1.9749279121818235,0.7774790660436857,0.49999999999999956,1.8660254037844384
1,1,2,1,1,2,1,15,4,3,0.29289321881345287,0.2928932188134521,0.5661162608824419,0.09903113209758085,2.0,1.0
1,3,1,1,1,1,0,23,7,7,0.7411809548974784,1.9659258262890682,0.9999999999999998,2.0,0.5000000000000002,0.13397459621556118
1,1,3,1,1,1,1,17,6,9,0.03407417371093169,0.7411809548974794,0.21816851753197009,1.6234898018587334,0.0,0.9999999999999998
1,1,2,1,1,1,1,8,4,3,1.8660254037844388,0.5000000000000002,0.5661162608824419,0.09903113209758085,2.0,1.0
2,3,1,2,1,1,1,17,3,10,0.03407417371093169,0.7411809548974794,1.4338837391175583,0.09903113209758097,0.1339745962155614,1.5
1,3,2,1,1,1,1,7,2,10,1.9659258262890682,0.7411809548974794,1.9749279121818235,0.7774790660436857,0.1339745962155614,1.5
1,1,1,1,1,1,1,18,1,6,0.0,0.9999999999999998,1.78183148246803,1.6234898018587336,1.0000000000000002,0.0
2,1,3,2,1,2,1,16,4,3,0.13397459621556151,0.49999999999999956,0.5661162608824419,0.09903113209758085,2.0,1.0
1,1,3,1,1,1,1,8,1,9,1.8660254037844388,0.5000000000000002,1.78183148246803,1.6234898018587336,0.0,0.9999999999999998
1,1,2,1,1,1,1,14,1,6,0.5000000000000002,0.13397459621556118,1.78183148246803,1.6234898018587336,1.0000000000000002,0.0
1,3,3,1,1,1,1,21,1,4,0.2928932188134523,1.7071067811865475,1.78183148246803,1.6234898018587336,1.8660254037844388,0.5000000000000002
1,1,2,1,1,1,1,12,3,6,1.0000000000000002,0.0,1.4338837391175583,0.09903113209758097,1.0000000000000002,0.0
1,3,2,1,1,1,1,23,1,10,0.7411809548974784,1.9659258262890682,1.78183148246803,1.6234898018587336,0.1339745962155614,1.5
1,1,3,1,1,2,1,16,4,9,0.13397459621556151,0.49999999999999956,0.5661162608824419,0.09903113209758085,0.0,0.9999999999999998
2,4,3,2,1,1,1,20,5,8,0.1339745962155614,1.5,0.02507208781817638,0.7774790660436854,0.13397459621556151,0.49999999999999956
1,1,1,1,1,1,1,15,7,6,0.29289321881345287,0.2928932188134521,0.9999999999999998,2.0,1.0000000000000002,0.0
1,4,2,1,1,2,1,21,3,10,0.2928932188134523,1.7071067811865475,1.4338837391175583,0.09903113209758097,0.1339745962155614,1.5
1,2,1,1,1,1,1,16,2,12,0.13397459621556151,0.49999999999999956,1.9749279121818235,0.7774790660436857,0.9999999999999998,2.0
1,1,3,1,1,2,1,13,2,4,0.7411809548974793,0.03407417371093169,1.9749279121818235,0.7774790660436857,1.8660254037844388,0.5000000000000002
1,3,1,1,1,2,1,0,1,4,1.0,2.0,1.78183148246803,1.6234898018587336,1.8660254037844388,0.5000000000000002
1,1,1,1,1,2,1,6,5,5,2.0,1.0,0.02507208781817638,0.7774790660436854,1.5,0.1339745962155613
1,3,3,1,1,1,1,22,7,3,0.49999999999999956,1.8660254037844384,0.9999999999999998,2.0,2.0,1.0
1,1,3,1,1,1,1,11,1,11,1.258819045102521,0.0340741737109318,1.78183148246803,1.6234898018587336,0.49999999999999956,1.8660254037844384
2,1,2,2,1,1,1,8,3,1,1.8660254037844388,0.5000000000000002,1.4338837391175583,0.09903113209758097,1.5,1.8660254037844388
1,4,1,1,1,1,1,19,3,2,0.03407417371093158,1.2588190451025203,1.4338837391175583,0.09903113209758097,1.8660254037844386,1.5
1,1,1,1,1,2,1,8,5,1,1.8660254037844388,0.5000000000000002,0.02507208781817638,0.7774790660436854,1.5,1.8660254037844388
1,2,3,1,1,1,1,19,7,8,0.03407417371093158,1.2588190451025203,0.9999999999999998,2.0,0.13397459621556151,0.49999999999999956
1,1,1,1,1,1,1,12,7,11,1.0000000000000002,0.0,0.9999999999999998,2.0,0.49999999999999956,1.8660254037844384
1,1,1,1,1,2,1,11,7,10,1.258819045102521,0.0340741737109318,0.9999999999999998,2.0,0.1339745962155614,1.5
2,1,2,2,1,1,1,10,5,1,1.5,0.1339745962155613,0.02507208781817638,0.7774790660436854,1.5,1.8660254037844388
1,3,1,1,1,2,1,1,1,8,1.2588190451025207,1.9659258262890682,1.78183148246803,1.6234898018587336,0.13397459621556151,0.49999999999999956
1,1,1,1,1,1,1,8,3,2,1.8660254037844388,0.5000000000000002,1.4338837391175583,0.09903113209758097,1.8660254037844386,1.5
1,1,2,1,1,1,1,12,3,11,1.0000000000000002,0.0,1.4338837391175583,0.09903113209758097,0.49999999999999956,1.8660254037844384
1,3,3,1,1,2,1,22,5,10,0.49999999999999956,1.8660254037844384,0.02507208781817638,0.7774790660436854,0.1339745962155614,1.5
1,3,1,1,1,1,1,21,6,2,0.2928932188134523,1.7071067811865475,0.21816851753197009,1.6234898018587334,1.8660254037844386,1.5
1,1,2,1,1,2,1,15,4,5,0.29289321881345287,0.2928932188134521,0.5661162608824419,0.09903113209758085,1.5,0.1339745962155613
1,1,1,1,1,1,0,13,1,6,0.7411809548974793,0.03407417371093169,1.78183148246803,1.6234898018587336,1.0000000000000002,0.0
1,2,2,1,1,2,1,16,6,12,0.13397459621556151,0.49999999999999956,0.21816851753197009,1.6234898018587334,0.9999999999999998,2.0
1,1,1,1,1,1,1,11,5,3,1.258819045102521,0.0340741737109318,0.02507208781817638,0.7774790660436854,2.0,1.0
1,1,3,1,1,1,1,1,6,9,1.2588190451025207,1.9659258262890682,0.21816851753197009,1.6234898018587334,0.0,0.9999999999999998
1,1,3,1,1,2,1,6,3,9,2.0,1.0,1.4338837391175583,0.09903113209758097,0.0,0.9999999999999998
3,2,2,3,1,1,1,18,3,2,0.0,0.9999999999999998,1.4338837391175583,0.09903113209758097,1.8660254037844386,1.5
1,1,1,1,1,1,1,11,2,9,1.258819045102521,0.0340741737109318,1.9749279121818235,0.7774790660436857,0.0,0.9999999999999998
1,1,1,1,1,1,1,17,5,4,0.03407417371093169,0.7411809548974794,0.02507208781817638,0.7774790660436854,1.8660254037844388,0.5000000000000002
1,2,1,1,1,1,1,17,3,9,0.03407417371093169,0.7411809548974794,1.4338837391175583,0.09903113209758097,0.0,0.9999999999999998
1,1,3,1,1,2,1,12,2,12,1.0000000000000002,0.0,1.9749279121818235,0.7774790660436857,0.9999999999999998,2.0
2,3,3,2,1,1,1,11,1,6,1.258819045102521,0.0340741737109318,1.78183148246803,1.6234898018587336,1.0000000000000002,0.0
1,1,2,1,1,1,1,14,5,3,0.5000000000000002,0.13397459621556118,0.02507208781817638,0.7774790660436854,2.0,1.0
1,1,3,1,1,2,1,9,4,9,1.7071067811865475,0.29289321881345254,0.5661162608824419,0.09903113209758085,0.0,0.9999999999999998
1,3,2,1,1,1,1,17,5,1,0.03407417371093169,0.7411809548974794,0.02507208781817638,0.7774790660436854,1.5,1.8660254037844388
1,1,2,1,1,1,1,7,5,8,1.9659258262890682,0.7411809548974794,0.02507208781817638,0.7774790660436854,0.13397459621556151,0.49999999999999956
1,1,3,2,1,1,1,15,7,1,0.29289321881345287,0.2928932188134521,0.9999999999999998,2.0,1.5,1.8660254037844388
1,1,2,1,1,2,1,15,2,9,0.29289321881345287,0.2928932188134521,1.9749279121818235,0.7774790660436857,0.0,0.9999999999999998
1,1,2,1,1,1,1,11,2,12,1.258819045102521,0.0340741737109318,1.9749279121818235,0.7774790660436857,0.9999999999999998,2.0
1,1,2,1,1,2,0,11,7,12,1.258819045102521,0.0340741737109318,0.9999999999999998,2.0,0.9999999999999998,2.0
1,1,1,1,1,1,1,14,5,5,0.5000000000000002,0.13397459621556118,0.02507208781817638,0.7774790660436854,1.5,0.1339745962155613
1,1,1,1,1,1,1,9,1,9,1.7071067811865475,0.29289321881345254,1.78183148246803,1.6234898018587336,0.0,0.9999999999999998
1,1,2,1,1,1,1,16,4,8,0.13397459621556151,0.49999999999999956,0.5661162608824419,0.09903113209758085,0.13397459621556151,0.49999999999999956
1,1,1,1,1,2,1,13,6,8,0.7411809548974793,0.03407417371093169,0.21816851753197009,1.6234898018587334,0.13397459621556151,0.49999999999999956
2,3,3,2,1,2,1,3,1,3,1.7071067811865475,1.7071067811865475,1.78183148246803,1.6234898018587336,2.0,1.0
1,3,1,1,3,2,1,20,5,8,0.1339745962155614,1.5,0.02507208781817638,0.7774790660436854,0.13397459621556151,0.49999999999999956
1,3,1,2,1,1,1,6,2,12,2.0,1.0,1.9749279121818235,0.7774790660436857,0.9999999999999998,2.0
2,1,2,2,1,2,1,12,3,9,1.0000000000000002,0.0,1.4338837391175583,0.09903113209758097,0.0,0.9999999999999998
1,1,2,1,1,1,0,18,6,10,0.0,0.9999999999999998,0.21816851753197009,1.6234898018587334,0.1339745962155614,1.5
1,2,1,1,1,2,1,18,7,10,0.0,0.9999999999999998,0.9999999999999998,2.0,0.1339745962155614,1.5
1,3,1,1,1,1,1,21,5,5,0.2928932188134523,1.7071067811865475,0.02507208781817638,0.7774790660436854,1.5,0.1339745962155613
1,3,2,1,1,1,1,22,6,8,0.49999999999999956,1.8660254037844384,0.21816851753197009,1.6234898018587334,0.13397459621556151,0.49999999999999956
1,1,1,1,1,1,1,10,3,7,1.5,0.1339745962155613,1.4338837391175583,0.09903113209758097,0.5000000000000002,0.13397459621556118
1,1,1,1,1,1,1,12,2,8,1.0000000000000002,0.0,1.9749279121818235,0.7774790660436857,0.13397459621556151,0.49999999999999956
1,1,1,1,1,2,1,12,6,9,1.0000000000000002,0.0,0.21816851753197009,1.6234898018587334,0.0,0.9999999999999998
1,1,1,1,1,2,1,9,5,12,1.7071067811865475,0.29289321881345254,0.02507208781817638,0.7774790660436854,0.9999999999999998,2.0
1,3,1,1,1,2,1,22,4,7,0.49999999999999956,1.8660254037844384,0.5661162608824419,0.09903113209758085,0.5000000000000002,0.13397459621556118
1,3,2,1,1,2,1,21,5,6,0.2928932188134523,1.7071067811865475,0.02507208781817638,0.7774790660436854,1.0000000000000002,0.0
1,1,1,1,1,2,1,12,7,8,1.0000000000000002,0.0,0.9999999999999998,2.0,0.13397459621556151,0.49999999999999956
1,1,1,1,1,1,1,19,7,9,0.03407417371093158,1.2588190451025203,0.9999999999999998,2.0,0.0,0.9999999999999998
1,3,2,1,1,2,1,20,1,2,0.1339745962155614,1.5,1.78183148246803,1.6234898018587336,1.8660254037844386,1.5
1,1,1,1,1,2,1,7,4,3,1.9659258262890682,0.7411809548974794,0.5661162608824419,0.09903113209758085,2.0,1.0
1,1,2,1,1,2,1,11,1,8,1.258819045102521,0.0340741737109318,1.78183148246803,1.6234898018587336,0.13397459621556151,0.49999999999999956
1,3,3,1,1,2,1,5,4,8,1.9659258262890682,1.2588190451025207,0.5661162608824419,0.09903113209758085,0.13397459621556151,0.49999999999999956
1,1,1,1,1,1,1,13,6,6,0.7411809548974793,0.03407417371093169,0.21816851753197009,1.6234898018587334,1.0000000000000002,0.0
1,1,1,1,1,2,1,14,3,12,0.5000000000000002,0.13397459621556118,1.4338837391175583,0.09903113209758097,0.9999999999999998,2.0
1,1,3,1,1,1,1,11,2,2,1.258819045102521,0.0340741737109318,1.9749279121818235,0.7774790660436857,1.8660254037844386,1.5
2,1,1,2,1,1,1,14,3,11,0.5000000000000002,0.13397459621556118,1.4338837391175583,0.09903113209758097,0.49999999999999956,1.8660254037844384
1,3,3,1,1,2,1,21,4,1,0.2928932188134523,1.7071067811865475,0.5661162608824419,0.09903113209758085,1.5,1.8660254037844388
1,1,3,3,1,2,1,8,7,2,1.8660254037844388,0.5000000000000002,0.9999999999999998,2.0,1.8660254037844386,1.5
1,1,1,1,1,1,1,12,4,11,1.0000000000000002,0.0,0.5661162608824419,0.09903113209758085,0.49999999999999956,1.8660254037844384
1,3,2,1,1,1,1,1,1,8,1.2588190451025207,1.9659258262890682,1.78183148246803,1.6234898018587336,0.13397459621556151,0.49999999999999956
1,3,2,1,1,2,1,21,1,1,0.2928932188134523,1.7071067811865475,1.78183148246803,1.6234898018587336,1.5,1.8660254037844388
1,1,2,1,1,1,1,8,5,12,1.8660254037844388,0.5000000000000002,0.02507208781817638,0.7774790660436854,0.9999999999999998,2.0
2,1,2,2,1,1,1,17,6,5,0.03407417371093169,0.7411809548974794,0.21816851753197009,1.6234898018587334,1.5,0.1339745962155613